{
    "name": "Back on Track",
    "musicName": "BackOnTrack",
    "order": 2,
    "elements": [
        {
            "type": 1,
            "x": -6.684000015258789,
            "y": -2.8970000743865969
        },
        {
            "type": 1,
            "x": -3.059999942779541,
            "y": -2.930000066757202
        }
    ]
}
