{
    "name": "Back on Track",
    "musicName": "BackOnTrack",
    "order": 2,
    "difficulty": 1,
    "elements": [
        {
            "type": "Spike",
            "x": -6.684000015258789,
            "y": -2.8970000743865969,
            "scaleX": -1.0,
            "scaleY": -1.0
        },
        {
            "type": "Spike",
            "x": -3.059999942779541,
            "y": -2.930000066757202,
            "scaleX": -1.0,
            "scaleY": -1.0
        }
    ]
}
