{
    "name": "Stereo Madness",
    "musicName": "StereoMadness",
    "order": 1,
    "elements": [
        {
            "type": 0,
            "x": -6.684000015258789,
            "y": -2.8970000743865969
        },
        {
            "type": 1,
            "x": -3.059999942779541,
            "y": -2.930000066757202
        }
    ]
}
